Date,Year,Month,Astore,Bunji,Chilas,Dainyour,Gilgit,Hunza,Khunjrab,Ramma,Shigar,Skardu,Ziarat
1990-01,1990,01,58.6,9.6,17.8,2.85,6,0.76,2.85,0.2,19.86,59.7,32.86
1990-02,1990,02,54.4,0,17.3,2.32,5.5,2.28,2.32,24.3,16.64,45.2,17.99
1990-03,1990,03,91.4,5.2,54.8,6.25,6.6,5.13,6.25,22.84,20.94,59.1,26.72
1990-04,1990,04,66.4,8.8,22.9,47.36,17.9,29.165,47.36,92.77,29.53,31.2,71.96
1990-05,1990,05,30.5,2.7,5.6,28.21,0,49.59,28.21,32.19,4.47,7.6,39.46
1990-06,1990,06,29.3,4.4,15.9,12.51,4.2,8.64,12.51,34.42,10.19,0,25.48
1990-07,1990,07,8.6,0,6.1,24.18,10.9,62.79,24.81,13.4,3.53,25.9,9.04
1990-08,1990,08,40.7,5,23.3,21.51,12.4,33.06,21.59,22.3,16.22,6.8,31.46
1990-09,1990,09,4.3,0,0.6,7.63,0,20.52,7.63,6.97,4.16,8.3,18.3
1990-10,1990,10,25,1.7,3,6.01,3.7,6.08,6.01,17.58,3.64,3,56.1
1990-11,1990,11,4.8,0,0,0,0,0,0,6.1,1.97,1,0.98
1990-12,1990,12,98.4,24.8,82.8,2.34,22.1,0.47,2.34,8.72,21.21,44.4,8.16
1991-01,1991,01,32.1,0,3.2,30.7,0.7,5.79,30.7,51.23,42.01,40.3,41.65
1991-02,1991,02,47,8.2,27.2,6.81,10.8,2.66,6.81,63.97,43.88,21.1,40.19
1991-03,1991,03,156.2,9.4,50.7,6.85,21.3,2.47,6.85,24.75,19.55,43.8,20.95
1991-04,1991,04,51.4,1,10.8,42.24,10.6,12.54,42.24,77.33,39.41,11.5,198.84
1991-05,1991,05,146.3,19.4,37.8,30.37,30.1,22.99,30.37,74.03,43.36,31.1,44.51
1991-06,1991,06,2.7,0.6,0,6.1,8.2,12.92,6.1,4.15,4.47,0.8,21.73
1991-07,1991,07,19.3,16.1,22.7,12.94,17.1,19.19,12.94,14.18,23.6,1,16.79
1991-08,1991,08,17.5,5.1,3.5,12.45,5.7,29.26,12.45,2.33,1.45,3.8,13.62
1991-09,1991,09,12.5,2,4.7,22.82,13.4,62.13,22.82,3.03,3.01,1.1,18.82
1991-10,1991,10,0,0,0,6.34,0.5,17.67,6.34,0,0.31,0,8.99
1991-11,1991,11,6,0,0,2.94,0,4.37,2.94,13.92,0.62,1.3,0.31
1991-12,1991,12,16.5,0,0,2.42,0,0,2.42,20.48,7.28,6.5,3.64
1992-01,1992,01,143.1,9.4,37,8.13,6.7,0.38,8.13,71.94,65.62,73.2,44.3
1992-02,1992,02,32.7,1.3,9.2,9.4,1.5,5.32,9.4,34.65,57.82,36.2,30.26
1992-03,1992,03,145.9,17.3,50.4,4.76,10.8,3.8,4.7,6.49,17.36,57,9.98
1992-04,1992,04,68.3,10.1,59.4,33.66,9.1,28.31,33.65,31.72,151,10,75.86
1992-05,1992,05,57.5,2.2,1.8,9.95,0.5,28.31,9.95,0.88,2.18,0.5,1.61
1992-06,1992,06,2,0.1,0.7,12.32,0,10.45,12.32,15.49,4.68,0,8.26
1992-07,1992,07,17,12.3,16.5,9.48,0.3,3.8,9.48,9.61,8.52,3.3,8.37
1992-08,1992,08,12.3,20.5,8,43.99,2.4,19.76,43.99,31.78,15.18,8.1,15.7
1992-09,1992,09,172.3,63.8,127.5,18.38,61.3,38.09,18.38,29.62,18.4,83.2,11.96
1992-10,1992,10,13.3,2,0.3,6.34,1.7,3.42,6.34,10.03,2.7,4.6,3.69
1992-11,1992,11,9.8,0,0,6.25,0,57,6.25,17.36,2.08,2.2,0.52
1992-12,1992,12,12.4,0,0,11.05,0,3.42,11.05,12.73,20.17,8.3,15.08
1993-01,1993,01,38.2,7.6,3.8,1.4,0,4.22,1.4,0.16,0,35.4,20.85
1993-02,1993,02,44.3,6,20.3,0.86,0.2,0,0.86,0.67,4.99,13.9,54.18
1993-03,1993,03,96.3,17.3,35.2,31.6,0,67.46,31.6,55.97,57.82,57.9,34.42
1993-04,1993,04,1.3,0,1.6,18.77,0,36.25,18.77,36.68,3.12,10,6.29
1993-05,1993,05,68.4,37.1,17.3,8.05,16.1,8.05,8.05,16.55,0,0.5,9.93
1993-06,1993,06,33.9,37.4,9,63.37,3,152.05,63.37,23.6,22.25,0,27.92
1993-07,1993,07,63.5,72.9,40.5,97.46,43.5,245.7,97.46,18.92,12.58,3.3,13.26
1993-08,1993,08,6.8,13.1,1.8,49.36,1.9,120.43,49.36,20.33,4.88,8.1,190.78
1993-09,1993,09,16.4,7.4,2.6,74.36,2.1,212.47,74.36,12.51,4.57,83.2,7.54
1993-10,1993,10,13.7,4,8.3,0,0.4,0,0,0.32,0,4.6,32.44
1993-11,1993,11,110,25.4,51.7,0,27.4,0,0,0,4.16,2.2,8.42
1993-12,1993,12,1.2,0,0,0,0,0,0,0,0,8.3,13.78
1994-01,1994,01,54.9,7.5,8.8,4.13,3.2,2.014,4.13,10.68,36.08,61.9,37.75
1994-02,1994,02,53,10.2,31.1,0,8.8,0,0,0.81,22.25,38.4,19.96
1994-03,1994,03,94.1,13.4,42.5,3.35,18.6,10.07,3.35,8.91,7.69,72.6,3.84
1994-04,1994,04,98.4,12.8,33.4,69.83,4.5,189.31,69.83,23.86,41.39,34.8,20.69
1994-05,1994,05,45.1,34.7,25.6,55.52,32.5,79.95,55.52,45.3,4.05,7.9,0.41
1994-06,1994,06,31.1,32.2,15.4,8.32,8.8,6.24,8.32,22.52,12.68,1.2,13.1
1994-07,1994,07,33.7,23.2,0,32,13.6,75.5,32.04,9,8.63,3.6,13.31
1994-08,1994,08,34.3,5.3,16.4,14.39,2,21.14,14.39,19.97,23.4,13.1,12.06
1994-09,1994,09,25.8,17.3,5.1,12.28,11.4,17.42,12.28,19.76,34.76,11.2,17.88
1994-10,1994,10,9.9,5.5,4.4,8.57,3.2,11.27,8.57,11.49,16.74,0,14.3
1994-11,1994,11,1.5,0,0,2.35,0.6,0,2.35,5.83,0,0,2.6
1994-12,1994,12,168.1,54.3,39.6,23.09,12,12.48,23.09,100.18,93.08,86.1,73.06
1995-01,1995,01,20.6,1,0,31.66,0.1,24.47,31.66,96.17,122.3,16,86.11
1995-02,1995,02,59.5,10,12.8,14.45,3.6,12.68,14.45,53.25,67.6,39.8,59.28
1995-03,1995,03,43.2,1.8,5.2,5.86,1,5.43,5.86,34.87,22.56,2.8,14.04
1995-04,1995,04,91,14.3,29.4,29.66,25.7,22.75,29.66,77.18,53.24,17.8,40.24
1995-05,1995,05,36.8,6.5,9.3,14.41,18.6,22.35,14.41,16.13,0.83,14.7,2.49
1995-06,1995,06,45.7,14.4,5.4,18.81,9.8,19.53,18.81,31.75,4.47,7.5,8.47
1995-07,1995,07,63.6,60.4,19,4.18,22.5,4.12,4.18,13.23,7.17,49,3.69
1995-08,1995,08,11.2,16.2,26.6,8.57,5.6,11.47,8.57,5.69,15.6,12.8,8.21
1995-09,1995,09,4.6,3.6,12.5,12.66,7.1,11.78,12.66,13.81,3.22,5,3.69
1995-10,1995,10,25.8,13,2.5,3.88,4.8,6.44,3.88,3.75,4.68,0,2.34
1995-11,1995,11,16.9,1.6,8.4,0.45,2,0,0.45,4.26,9.46,0,2.34
1995-12,1995,12,30.2,2,0.8,8.08,7.5,8.9,8.08,13.05,16.74,12.4,21.16
1996-01,1996,01,35.3,6,75,0.26,20.1,0.8,0.26,3.45,11.54,61.1,5.77
1996-02,1996,02,52.5,13.5,20.1,20.11,6,2.41,20.11,57.56,129.27,67,69.16
1996-03,1996,03,211.9,29.8,112.5,10.82,40.1,5.43,10.82,47.59,79.45,80.8,44.98
1996-04,1996,04,170.8,65.2,100.2,27.67,41.1,30.91,27.67,68.46,108.57,64.3,71.29
1996-05,1996,05,174.1,73.3,163.3,60.05,72.8,52.56,60.05,127.46,119.91,74.1,69.31
1996-06,1996,06,110.1,30.5,67,17.75,48,9.16,17.75,50.29,5.3,32.3,9.93
1996-07,1996,07,18.4,17.5,9,55.71,13.2,66.56,55.71,70.33,25.79,5.9,37.38
1996-08,1996,08,29.4,1.8,12.8,64.27,4.2,35.04,64.27,45.4,30.78,38,59.02
1996-09,1996,09,5.6,0,1,13.45,0,21.75,13.45,11.45,0.62,0,12.79
1996-10,1996,10,52.2,12.6,8.5,2.84,5.7,6.44,2.84,1.87,2.08,8.8,1.04
1996-11,1996,11,3.6,0,0,0,0,0,0,0,0,0.3,0
1996-12,1996,12,9.8,2.4,0,0.37,0.5,0.5,0.37,0.31,1.87,17.6,0
1997-01,1997,01,9.4,0,0,7.49,0,6.14,7.4,7.14,6.34,4.2,9.88
1997-02,1997,02,4.2,0,0,38.89,0,2.81,38.89,20.56,62.71,10.4,54.7
1997-03,1997,03,90,10,39.8,12.27,12.1,2.61,12.27,50.56,82.68,27.5,41.34
1997-04,1997,04,37.1,10.4,25.1,7.93,2.1,13.29,7.93,21.56,14.56,1.1,13.52
1997-05,1997,05,44.9,13.2,1,19.04,2,24.36,19.04,31.08,15.49,7.7,12.16
1997-06,1997,06,12.6,3.6,2.6,14.47,3.9,13.69,14.47,16.59,6.24,16.8,5.2
1997-07,1997,07,42.5,12,12,14.58,12.5,20.34,14.58,28.79,8.63,7.7,10.03
1997-08,1997,08,106.6,85.7,97.8,15.95,88.1,31.01,15.95,59.07,16.22,61.5,13.1
1997-09,1997,09,10.9,3.6,0,50.76,0.1,65.85,50.76,22.45,20.28,9.4,19.7
1997-10,1997,10,7.7,3.3,3.6,11.33,3.4,18.73,11.33,6.38,1.04,0,4.16
1997-11,1997,11,31.4,1,0,1.82,0.8,4.6,1.82,15.8,11.85,6,5.92
1997-12,1997,12,16.5,2,1,0.79,3.7,0,0.79,9.44,0.72,9.8,1.4
1998-01,1998,01,33.8,13.5,12.6,1.34,6,0.4,1.34,16.9,7.17,77.9,15.49
1998-02,1998,02,87.2,6,24,3.4,8.6,5.63,3.4,44.92,52.52,43.9,31.35
1998-03,1998,03,23.8,1,8,24.81,6.8,4.02,24.81,31.08,69.16,30.8,60.16
1998-04,1998,04,109.9,50.4,85.9,17.84,58.9,25.77,17.84,58.01,2.08,48.7,7.8
1998-05,1998,05,85.5,43.3,53.4,20.14,44.8,34.23,20.14,55.12,4.16,61.8,20.8
1998-06,1998,06,20.7,7.2,7.6,7.81,17.6,11.07,7.81,15.18,4.57,5.6,14.24
1998-07,1998,07,4.6,2,0,3.38,3.1,4.02,3.38,2.87,1.04,1,3.64
1998-08,1998,08,3.3,12.8,1,14.26,7.3,20.94,14.26,7.52,10.5,2.3,27.45
1998-09,1998,09,14.8,21,2,56.72,14.3,40.38,56.72,32.88,32.03,18.9,30.21
1998-10,1998,10,2.7,0,1,1.27,0.5,3.62,1.27,1.45,0,4.9,10.4
1998-11,1998,11,0,0,0,1.03,0,0.6,1.03,1.14,0.41,0,0.2
1998-12,1998,12,0,0,0,6.09,0,3.62,6.09,2.65,59.48,17.9,24.44
1999-01,1999,01,111.1,13,11.8,6.27,1.6,4.22,6.27,60.35,58.1,58.1,58.81
1999-02,1999,02,32.5,13,14.6,15.83,34.5,0,15.83,33.5,41,41,27.5
1999-03,1999,03,88,7,18.8,27.08,6.8,67.46,27.08,47.4,23.1,23.1,23.4
1999-04,1999,04,221.2,59.5,71.6,61.81,89.7,36.25,61.81,155.45,87.3,87.3,56.8
1999-05,1999,05,58,18.4,14,14.08,15.8,8.05,14.08,36.9,35.2,35.2,30.1
1999-06,1999,06,17.4,3,2.2,2.16,3.5,0,2.16,10.45,1.9,1.9,10.95
1999-07,1999,07,29.7,4,18.3,137.92,12,397.76,137.92,20.85,9.9,9.9,3.35
1999-08,1999,08,53,30,20,55.72,18.5,120.43,55.72,34.85,22.9,22.9,15.9
1999-09,1999,09,30.5,8.6,6.2,75.54,11.6,206.4,75.54,20.55,0.7,0.7,7.85
1999-10,1999,10,5.2,0,1,3.38,4.1,6.04,3.38,4.65,0.3,0.3,15.5
1999-11,1999,11,51.9,12,32.5,6.9,8.7,0,6.9,30.3,9.6,9.6,11.2
1999-12,1999,12,0,0,0,0,0,0,0,0,0,0,4.65
2000-01,2000,01,60.8,5.4,14.8,4.1,4.9,2.01,4.1,31.7,58.5,58.5,28.2
2000-02,2000,02,9.8,0,0,0,0,0,0,4.35,6.9,6.9,11.25
2000-03,2000,03,29.7,5,11.1,5.59,1.7,10.07,5.59,15.7,8.5,8.5,6.35
2000-04,2000,04,41.6,7,22,69.87,13.3,189.31,69.87,21.45,11.1,11.1,4.95
2000-05,2000,05,17.3,5,9.3,28.55,0.7,79.95,28.55,9,6.7,6.7,3
2000-06,2000,06,23.1,31,10.7,18.64,18.7,6.24,18.64,20.6,11.3,11.3,6.75
2000-07,2000,07,33.7,39.4,5,45.77,22.4,75.52,45.75,27.5,21,21,10.75
2000-08,2000,08,11.3,29.7,11,22.48,16.6,21.14,22.48,13.45,19.6,19.6,14.3
2000-09,2000,09,10.9,14.1,4,14.8,12.9,17.42,14.8,6.45,8,8,11.55
2000-10,2000,10,13.8,1.6,0,4.95,2,11.27,4.95,8.15,0,0,1.75
2000-11,2000,11,9.9,0,0,0,0,0,0,0,0,0,8.85
2000-12,2000,12,19.6,0.9,0.2,5.79,4,12.48,5.79,11.5,32.5,32.5,47.25
2001-01,2001,01,0.2,0,0,8.15,0,24.47,8.15,0.1,0,0,5.2
2001-02,2001,02,3.4,0,0,4.39,0.5,12.68,4.39,1.95,2.2,4.2,1.1
2001-03,2001,03,56.4,7.1,15.8,8.47,12.9,5.43,8.47,34.65,6.4,6.4,6.95
2001-04,2001,04,52,7.4,15,13.31,6.2,22.75,13.31,29.1,0.2,3.3,1.25
2001-05,2001,05,7.8,3.6,9,9.25,1.8,22.35,9.25,4.8,3.8,3.8,2
2001-06,2001,06,14.3,10.6,2,16.91,20.6,19.53,16.91,17.45,13.1,13.1,6.55
2001-07,2001,07,26,6,15,7.6,12.7,4.12,7.6,19.35,12,12,21.8
2001-08,2001,08,17.4,7.7,12.6,11.05,14,11.47,11.05,15.7,9,9,8.75
2001-09,2001,09,36.4,9.3,7,7.46,1.3,11.78,7.46,18.85,10.5,10.5,6.7
2001-10,2001,10,45.5,3.6,0,3.54,0.6,6.44,3.54,23.05,8.3,8.3,4.15
2001-11,2001,11,68.9,13.8,30.6,9.6,15,0,9.6,41.95,12.3,12.3,9.9
2001-12,2001,12,53.5,5.2,0,5.52,2.4,8.96,5.52,27.95,32.7,32.7,17.6
2002-01,2002,01,29.3,0,7,1.65,0.5,4.45,1.65,15.3,3.2,4,1.6
2002-02,2002,02,63.6,11.3,19.2,6.86,9.3,0,6.86,36.45,20.5,20.7,20.2
2002-03,2002,03,48.7,15.7,17.8,29.87,2.9,71.02,29.87,25.8,13.9,24.6,18
2002-04,2002,04,162.3,30.6,51.6,32.98,31.2,38.16,32.98,95.4,45.2,36.2,70.85
2002-05,2002,05,16.8,19.8,14.5,12.56,9.4,8.48,12.56,13.1,8.4,8.4,13.05
2002-06,2002,06,38.5,24.6,27.5,67.58,18,160.06,67.58,28.3,14,15.8,27.05
2002-07,2002,07,19.9,7,0,94.01,16.4,258.64,94.01,18.15,5.1,5.1,14.9
2002-08,2002,08,15.4,35.5,10,61.02,20.8,126.77,61.02,18.1,18.3,18.3,30.05
2002-09,2002,09,15.5,9.6,2.3,78.98,3.7,223.66,78.98,9.6,5,5,31.8
2002-10,2002,10,3.2,0,0,0,0,0,0,1.6,0,0,2.8
2002-11,2002,11,0,0,0,0,0,0,0,0,0,0,0
2002-12,2002,12,3,0,0.2,0.06,0.2,0,0.06,1.6,2.3,2.3,1.15
2003-01,2003,01,2,0,0,0.7,0,2.12,0.7,1,0,0,0
2003-02,2003,02,63.7,47.2,78.1,26.86,33.4,0,26.86,48.55,22.6,22.6,28.35
2003-03,2003,03,35.3,28.3,35.4,19.13,18.5,10.6,19.13,26.9,38.4,38.4,42.35
2003-04,2003,04,111.6,25.9,39,82.99,23.8,199.28,82.99,67.7,46.3,46.3,58.65
2003-05,2003,05,121.2,118.4,121.9,96.58,87.2,84.16,96.58,104.2,101,101,100.2
2003-06,2003,06,14.7,8.5,5,7.32,6.9,6.57,7.32,10.8,2.8,2.8,1.4
2003-07,2003,07,23.3,8.5,0,34.46,15.4,79.5,34.46,19.35,6.4,6.4,14.35
2003-08,2003,08,28.7,21,5.3,17.55,9.4,22.26,17.53,19.05,12.1,12.1,37.55
2003-09,2003,09,80.6,67.4,19.3,29.81,17.6,18.33,29.81,42.15,22.7,22.7,42.7
2003-10,2003,10,17.6,4.9,11,8.32,8.4,11.87,8.32,13.9,2,2,18.3
2003-11,2003,11,12.5,0,1,0,0.3,0,0,6.25,0,0,0
2003-12,2003,12,78.5,9.3,26.8,9.04,4.7,13.41,9.04,41.6,8.3,8.3,1.3
2004-01,2004,01,95.4,7.1,1,11.06,0.4,25.75,11.08,0.2,19.1,19.1,31.6
2004-02,2004,02,48.5,4.5,18.6,5.95,6.9,13.35,5.95,24.25,18.6,18.6,17.3
2004-03,2004,03,33.1,7.1,13.9,6.69,6,6.99,6.69,19.55,17.5,17.5,25.7
2004-04,2004,04,135.9,65.6,64.3,44.49,45.2,22.68,44.49,90.55,28.9,28.9,70.7
2004-05,2004,05,39.2,18.2,10.3,18.34,13.3,23.53,18.34,26.52,4.1,5.4,36.45
2004-06,2004,06,49.5,13,5.4,16.12,14.8,20.56,16.12,32.15,9.8,9.8,24.45
2004-07,2004,07,20.4,6.6,11.4,5.24,4.8,4.34,5.24,12.6,3.4,3.4,12.7
2004-08,2004,08,34.9,19.9,13.4,14.12,10.4,12.08,14.12,22.65,15.6,15.6,30.05
2004-09,2004,09,6.9,0,0,4.9,2.3,12.4,4.9,4.6,4,4,13.8
2004-10,2004,10,26.3,5,5.5,6.09,6.5,6.78,6.09,16.4,3.5,3.5,53.95
2004-11,2004,11,11.3,0,0,0,0,0,0,5.65,1.9,1.9,0.95
2004-12,2004,12,12.6,7.1,8.6,17.67,36.5,9.43,17.67,24.55,22.6,22.6,14.75
2005-01,2005,01,52.2,34.5,29.3,15.51,11.2,0.84,15.51,31.85,38.2,39.2,33.15
2005-02,2005,02,111.2,5,35.3,7.21,14.1,2.54,7.21,62.65,46,46,38.65
2005-03,2005,03,27.6,3,16.4,7.04,12.4,5.72,7.04,20,15,13.5,20.15
2005-04,2005,04,86.5,50.9,36.7,47.44,58.9,32.54,47.44,72.7,37.9,59,191.2
2005-05,2005,05,105.7,32.9,41.1,40.27,32.6,55.33,40.27,69.15,42.5,43.5,43
2005-06,2005,06,5.1,2.5,4.2,4.94,2.7,9.64,4.94,3.9,3.5,3.5,20.7
2005-07,2005,07,17.4,11.4,11.9,30.25,9.3,70.06,30.25,13.35,22.7,22.7,16.15
2005-08,2005,08,2.2,3.9,2.9,14.29,2.1,36.88,14.29,2.15,1.4,1.4,13.1
2005-09,2005,09,3.6,4,7.2,9.66,2.1,22.89,9.66,2.85,2.9,2.9,18.1
2005-10,2005,10,0,1.3,0,2.69,0,6.78,2.69,0,0.3,0.3,8.65
2005-11,2005,11,14.7,4.7,9.3,2.9,4,0,2.9,15.7,0.6,0.6,0.3
2005-12,2005,12,32,2.2,8.5,1.04,0.4,53,1.04,16.2,7,8.1,3.5
2006-01,2006,01,118.4,7.7,36.9,9.85,15.4,6.46,9.85,66.9,63.1,63.1,42.6
2006-02,2006,02,58.4,16,12.1,8.32,6,2.98,8.32,32.2,55.6,55.6,29.1
2006-03,2006,03,10,8,19.9,4.28,2.1,2.75,4.28,6.05,16.7,16.7,9.6
2006-04,2006,04,36.6,46.9,32.9,27.96,23,13.99,27.96,29.8,145.2,145.2,72.95
2006-05,2006,05,0.2,0,1.1,9.05,1.5,25.65,9.05,0.85,2.1,2.1,1.55
2006-06,2006,06,18,14.4,16.3,13.3,11.1,14.41,13.3,14.55,4.5,4.5,7.95
2006-07,2006,07,10,15.6,15.8,15.03,8.1,21.41,15.03,9.05,8.2,8.2,8.05
2006-08,2006,08,21.3,68.9,29.4,46.84,39,32.64,46.84,30.15,14.6,14.6,15.1
2006-09,2006,09,13.6,4.5,5.8,28.57,11.9,69.32,28.57,27.65,17.7,17.7,11.5
2006-10,2006,10,13.1,9.3,1.4,11.57,4.7,19.71,11.52,9.4,2.6,2.6,3.55
2006-11,2006,11,28.3,0.7,2.2,7.48,4,4.8,7.45,16.15,2,1,0.5
2006-12,2006,12,18,8.2,25.8,9.53,5.8,0,9.53,11.9,19.4,19.4,14.5
2007-01,2007,01,0.3,0,0,0.14,0,42,0.14,0.15,0,0,20.05
2007-02,2007,02,0,1.2,1.2,2.81,1.3,5.93,2.82,0.65,4.8,4.8,52.1
2007-03,2007,03,92.2,14.4,32.7,10.18,11.9,4.24,10.18,52.05,55.6,55.6,33.1
2007-04,2007,04,53.3,4.1,30.4,15.47,15.2,27.13,15.47,34.25,3,3,6.05
2007-05,2007,05,19.1,3.5,8,17.18,12,36.04,17.18,15.55,0,0,9.55
2007-06,2007,06,25.6,17.8,42.3,16.08,18.8,11.66,16.08,22.2,21.4,21.4,26.85
2007-07,2007,07,23,32.4,14.8,16.38,12.5,4.24,16.38,17.75,12.1,12.1,12.75
2007-08,2007,08,31.5,20.2,10.8,16.21,6.3,22.04,16.21,18.95,4.7,4.7,183.45
2007-09,2007,09,17.1,3.9,4.4,17.56,6.3,42.5,17.56,11.7,4.4,4.4,7.25
2007-10,2007,10,0.6,0,0,1.27,0,3.81,1.27,0.3,0,0,31.2
2007-11,2007,11,0,0,0,0.21,0,0.63,0.21,0,4,0,8.1
2007-12,2007,12,0,0,0,1.27,0,3.81,1.27,0,0,0,13.25
2008-01,2008,01,17,7.1,43.2,4,2.9,2,4,0,34.7,34.7,36.3
2008-02,2008,02,2,0,9.1,0,0,0,0,0.75,21.4,21.4,19.2
2008-03,2008,03,16.8,0,5.5,3.33,0,10,3.33,8.25,7.4,7.4,3.7
2008-04,2008,04,47.1,11.1,15.3,69.13,8.3,188,69.19,22.25,39.8,39.8,19.9
2008-05,2008,05,10.9,7.5,5.6,54.23,75.8,79.4,54.23,43.55,3.9,3.9,1.95
2008-06,2008,06,30.7,6.8,8,11.16,15.6,11.1,11.16,23.15,13.4,13.4,11.85
2008-07,2008,07,8.8,11.8,10,28.46,3.5,70.1,28.44,6.15,7.1,7.3,12
2008-08,2008,08,28.3,10.7,43.5,14.2,10.9,21,14.2,19.6,24.8,24.8,11.6
2008-09,2008,09,26.8,10,11.7,11.86,8.3,17.3,11.86,17.55,31.1,31.1,17.2
2008-10,2008,10,13.3,5.6,0,9.9,12.9,11.2,9.9,13.1,16.1,16.1,13.75
2008-11,2008,11,5.8,1.6,6.7,0.73,1,0,0.73,3.2,0,0,2.5
2008-12,2008,12,157.3,23.1,58.5,22.4,31.5,12.6,22.4,94.4,89.5,89.5,70.25
2009-01,2009,01,145,35.6,19.1,30.6,32.2,24.1,30.63,88.6,117.6,117.6,82.8
2009-02,2009,02,94.1,24.8,8.4,14.03,4.7,12.6,14.03,49.4,65,65,57
2009-03,2009,03,58.7,5.6,10.2,6.23,6.1,7,6.23,32.4,21.7,21.7,13.5
2009-04,2009,04,101.5,20.8,19.1,28.23,42.9,21,28.33,72.2,51.2,51.2,40.7
2009-05,2009,05,26.9,17,8.6,14.1,3.1,22.2,14.1,15,0.8,0.8,0.4
2009-06,2009,06,38,13.9,15.4,18.3,21.6,19.4,18.3,29.8,4.3,5.1,8.15
2009-07,2009,07,22.1,5.6,4,4.06,2.5,4.1,4.06,12.3,6.9,6.9,3.95
2009-08,2009,08,9.2,14.3,4.5,9.5,1.4,12.8,9.5,5.3,16.3,16.3,7.5
2009-09,2009,09,9.4,6.4,3.7,11.16,16.8,10.4,11.16,13.1,1.8,1.8,3.55
2009-10,2009,10,5.8,3.8,2.5,3.8,1.2,6.4,3.8,3.5,4.5,4.5,2.25
2009-11,2009,11,7.9,1.3,0.2,0.43,0,0,0.43,3.95,9.1,9.1,3.4
2009-12,2009,12,15.9,6.1,5.2,7.86,8.6,8.9,7.86,12.25,16.1,16.1,19.2
2010-01,2010,01,6.4,0,0.8,0.26,0,0.8,0.26,3.2,11.1,11.1,18.8
2010-02,2010,02,93.8,42.4,31.4,19.36,13.3,2.4,19.36,53.55,124.3,124.3,53.25
2010-03,2010,03,68.2,5.3,8.8,12.48,20.7,11.4,12.46,44.45,76.4,76.4,43.25
2010-04,2010,04,103.1,25.5,15.1,24.93,24.6,24.7,24.93,63.85,104.4,104.4,68.55
2010-05,2010,05,177.6,62,76.9,58.3,60.7,52.2,58.3,119.15,115.3,115.3,66.65
2010-06,2010,06,70.8,19.2,18,18.16,23.2,12.1,18.1,47,5.1,5.1,9.55
2010-07,2010,07,79.3,43.8,51.3,54.93,52.9,68.1,54.93,66.1,24.8,24.8,35.95
2010-08,2010,08,26.2,91.6,45.5,60.5,60.1,29.8,60.5,43.15,29.6,29.6,56.75
2010-09,2010,09,11.2,7.5,2.5,13.3,10.4,22,13.3,10.8,0.6,0.6,12.3
2010-10,2010,10,2.5,1,0.8,2.66,1,6,2.66,1.75,2,2,1
2010-11,2010,11,0,0,0,0,0,0,0,0,0,0,0
2010-12,2010,12,6,0,0,0.36,0.6,0.5,0.36,0.3,1.8,1.8,0
2011-01,2011,01,24.6,11,3.5,7.26,4.7,6.1,7.26,14.65,6.1,6.1,9.5
2011-02,2011,02,127.5,74,48.1,37.43,35.5,2.8,37.43,81.5,60.3,60.3,52.6
2011-03,2011,03,75.4,22.3,38,11.9,10.6,2.8,11.9,43,79.5,79.5,39.75
2011-04,2011,04,41.1,4.3,11.9,8.23,5.8,14.6,8.23,23.45,0,14,13
2011-05,2011,05,19.9,14.9,11.6,18.03,16.6,22.6,18.03,18.25,14.9,14.9,11.7
2011-06,2011,06,15.8,8.8,3.1,14.06,19.8,13.6,14.06,17.8,3,6,5
2011-07,2011,07,40.1,8,8.4,14.23,14.5,20.2,14.23,27.3,8.3,8.3,9.65
2011-08,2011,08,8,5.1,2.5,15.66,11.1,30.8,15.66,9.55,15.6,15.6,12.6
2011-09,2011,09,44.3,50.4,24.2,49.5,32.7,65.4,49.5,38.5,19.5,19.5,18.95
2011-10,2011,10,18.9,9.8,3.8,11.1,4.9,18.6,11.1,11.9,1,1,4
2011-11,2011,11,12.6,0.6,3.2,1.8,0.2,4.6,1.8,6.4,11.4,11.4,5.7
2011-12,2011,12,19,0,6,0.76,2.3,0,0.7,10.65,0.7,0.7,1.35
2012-01,2012,01,21.3,3.5,0.3,1.3,0,0.4,1.3,10.65,6.9,6.9,14.9
2012-02,2012,02,36.4,1.8,8.6,3.33,2.6,5.6,3.33,19.5,50.5,50.5,30.8
2012-03,2012,03,62.1,30.8,40.6,23.9,36.9,4,23.9,49.5,66.5,66.5,57.2
2012-04,2012,04,34.2,20.8,10.8,25.03,11.3,43,25.03,22.75,2,2,7.5
2012-05,2012,05,37.2,1.3,17,12.43,18.4,17.6,12.43,27.8,4,4,20
2012-06,2012,06,29.2,2.6,6.6,7.3,9.3,10,7.3,19.25,4.4,4.4,13.7
2012-07,2012,07,10.2,4.8,0.6,3.3,1.1,4,3.3,5.65,1,1,3.5
2012-08,2012,08,18.2,9.7,16.6,13.93,11.3,20.8,13.93,14.75,10.1,10.1,26.4
2012-09,2012,09,78.2,75.8,33.9,54.96,49,40.1,54.96,63.6,30.8,30.8,29.05
2012-10,2012,10,10.5,0,0,1.26,0.2,3.6,1.26,5.35,0,0,10
2012-11,2012,11,7,0.2,2.4,1,2.2,0.6,1,4.6,0.4,0.4,0.2
2012-12,2012,12,36.2,9,7,5.9,5.1,3.6,5.9,20.65,57.2,57.2,30.95
2013-01,2013,01,39.1,1.1,7,1.84,3.1,1.4,1.84,11.26,15.68,36.4,8.34
2013-02,2013,02,52.4,1.4,28,4.44,3.6,5.6,4.44,34.19,39,35.7,19.94
2013-03,2013,03,36.2,6.2,1.2,24.58,3.2,0.6,24.58,24.03,2.74,0,8.77
2013-04,2013,04,33.6,18.9,1.4,25.72,5.6,13.8,25.72,61.92,17.44,0,9.7
2013-05,2013,05,133.3,53.6,43.8,11.02,50,31.1,11.02,29.17,14.4,56.2,8.18
2013-06,2013,06,15.7,13,5,61.25,7.1,4.6,61.25,29.7,7.35,0.8,10.53
2013-07,2013,07,9.1,2,0,113.29,3.4,9.4,113.29,28.51,48.02,0.2,26.46
2013-08,2013,08,37.6,41,25,49.28,47.6,39.6,49.28,8.7,12.54,27.1,32.83
2013-09,2013,09,13.9,15.4,16,77.72,14.4,18.4,77.72,5.49,4.9,3.6,29.79
2013-10,2013,10,7.7,0,0,5.84,1.5,1.8,5.81,16.41,0,0.7,18.62
2013-11,2013,11,2.6,0,0,1.5,14,2,1.5,10.19,0,1,3.67
2013-12,2013,12,6.9,0,0,3.1,0,0,3.1,19.75,12.15,9.4,19.79
2014-01,2014,01,41.9,7.8,2,9.23,1.8,4.6,9.23,29.08,59.87,103.5,31.4
2014-02,2014,02,27,1,0,6.37,0.4,0,6.37,31.55,65.66,40.9,37.63
2014-03,2014,03,83.9,8.2,19,26.36,8.7,5.2,26.36,133.93,79.18,20.9,23.76
2014-04,2014,04,31.6,12.8,1,93.24,1.4,12.2,93.24,77.59,48.8,7.4,42.28
2014-05,2014,05,58.1,8.2,9.2,83.68,8.9,10.6,83.68,156.48,86.82,6.1,43.41
2014-06,2014,06,8.5,0,1.8,24.87,4.5,17.8,24.87,73.03,29,9.3,14.5
2014-07,2014,07,31.4,34.8,6,39.48,21.1,33,39.84,30.29,8.42,10,4.21
2014-08,2014,08,16.5,7.6,0,9.38,17,23.8,9.38,17.8,37.24,3,28.42
2014-09,2014,09,100.4,55.1,38,6.11,22.4,41.3,6.11,3.05,0,127.2,12.98
2014-10,2014,10,16.4,13.6,7.8,9.93,30.6,23.6,9.93,31.02,8.62,1.8,8.23
2014-11,2014,11,31.4,1.5,0,0,3.8,0.8,0,1.96,2.94,7,4.9
2014-12,2014,12,2.6,0,0,5.39,0,0,5.39,9.51,17.24,0,16.95
2015-01,2015,01,15.5,1.9,0.2,8.51,0,0,8.51,5.12,4.11,0.3,9.4
2015-02,2015,02,66.5,21.9,22.8,4.45,13.2,2.4,4.45,2.28,10.19,33.3,9.99
2015-03,2015,03,75.8,19.3,17,9.55,6.1,15.8,9.55,55.03,26.95,36.3,43.75
2015-04,2015,04,85.7,34.9,43.6,11.64,19,19.2,11.64,21.24,1.07,39.4,34.44
2015-05,2015,05,30.8,21.9,13.8,12.8,21.5,23.5,12.8,24.85,7.54,16,15.23
2015-06,2015,06,47,4.3,11.6,9.3,8.4,21.9,9.3,6.81,10.87,31.6,2.2
2015-07,2015,07,39.5,7.4,21.4,9.45,9.3,23.9,9.45,31.49,13.13,44,10.09
2015-08,2015,08,33.2,35.1,7.4,60.8,16.3,11.2,60.8,99.63,60.27,16.4,36.01
2015-09,2015,09,65.7,25.4,48,5.31,28.1,20.4,5.31,4.9,8.23,63.3,4.11
2015-10,2015,10,29,2,0,4.45,6.8,14.6,4.45,8.53,0.98,9.1,22.05
2015-11,2015,11,44.8,8.3,9.8,0.58,12.8,5.9,0.58,16.96,5.88,17.2,2.94
2015-12,2015,12,27.4,5.5,3,5,1.9,0,5,11.35,9.6,9.7,10.33
2016-01,2016,01,35.6,0,3.4,6.65,3.8,2.8,6.65,21.36,73.79,10.3,41.01
2016-02,2016,02,43.7,10,24,5.61,7.9,0,5.61,51.73,45.57,8.7,29.54
2016-03,2016,03,82.4,16.8,49.1,6.57,10.4,9.4,6.57,16.3,30.18,53.8,16.07
2016-04,2016,04,148.8,24.7,104.5,44.32,59.6,0,44.32,88.75,47.72,39.5,33.17
2016-05,2016,05,37.3,17.5,24.4,47.22,22.1,0,47.22,68.54,60.56,10.8,36.16
2016-06,2016,06,12.2,1.5,3.6,12.37,16.3,10.9,12.37,19.9,5.48,1.1,4.7
2016-07,2016,07,19.6,20.5,11.3,25.72,24.8,57.2,25.72,4.02,0.98,5.6,0.49
2016-08,2016,08,24.1,17.4,0,17.09,12.8,17.2,17.09,5.37,2.25,16.6,2.1
2016-09,2016,09,5.7,13.5,9.3,19.3,11.2,5.3,19.3,15.07,18.13,10.6,23.96
2016-10,2016,10,0,0,0,2.28,0.4,0,2.28,1.71,4.8,0,6.07
2016-11,2016,11,0,0,0,0,0,0,0,0,0,0,25.48
2016-12,2016,12,2.6,0,0,0.17,0.1,0,0.17,0,17.54,0,12.69
2017-01,2017,01,9.5,9.2,19.8,6.92,11.4,1,6.92,65.69,56.93,42,49.53
2017-02,2017,02,7.4,9.8,31,16.5,13.4,7.8,16.5,34.61,40.18,12.9,26.59
2017-03,2017,03,19.5,6.9,14,5.49,5,2.5,5.49,51.29,22.63,22.9,22.93
2017-04,2017,04,113.7,71.3,65.5,53.89,45.6,19.1,53.89,164.5,85.55,83.5,55.66
2017-05,2017,05,11.7,10.7,6,19.15,14.4,0,19.15,39.35,34.49,2.2,29.49
2017-06,2017,06,19.5,7.2,7.7,6.92,10.1,0,6.92,11.19,1.86,7.8,10.73
2017-07,2017,07,17,8.8,1,12.36,10.3,8.7,12.36,22.06,9.7,2.4,3.28
2017-08,2017,08,23.8,12.8,16,26.13,10.1,32.6,26.13,37.06,22.44,11.5,15.58
2017-09,2017,09,10.6,12.2,5.8,29.7,2.9,2.4,29.7,21.76,0.68,21.6,7.69
2017-10,2017,10,0,0,0,7.91,0,0.4,7.91,4.84,0.29,0,15.19
2017-11,2017,11,3.5,0,0,8.38,0,0,8.38,32.54,9.4,0,10.97
2017-12,2017,12,4,6,4.5,0,4.8,0,0,0,0,0,4.55
2018-01,2018,01,0,0,0,3.5,0,0,3.5,34.28,57.33,0,27.63
2018-02,2018,02,4.6,0,0,1.97,1,0,1.97,4.47,6.67,7,11.02
2018-03,2018,03,75.1,21.8,27,2.52,38.3,13.8,2.52,10.16,7.54,5,6.22
2018-04,2018,04,61.5,13.1,29,18.23,16.9,12,18.23,29.06,9.7,14.2,4.85
2018-05,2018,05,38.3,20.5,12.6,12.39,12.3,7.2,12.39,7.59,7.25,0,2.94
2018-06,2018,06,24.5,8.8,0,20.12,2.9,5,20.12,24.04,11.85,31.7,6.61
2018-07,2018,07,28.9,19.2,22.8,21.6,17.7,18,21.6,28.74,21.07,4.3,10.53
2018-08,2018,08,24.4,9.2,0,22.47,9.7,0,22.47,13.74,19.2,11,14.01
2018-09,2018,09,32.4,11,0.4,22.98,5.6,7.3,22.98,6.32,7.84,5,11.31
2018-10,2018,10,80.2,0,10,2.44,10.8,0,2.44,8.77,0,10.2,0
2018-11,2018,11,29,24.5,36.8,0.21,23.4,9.7,0.21,0,0,2,8.67
2018-12,2018,12,0,8,0,2.87,0,0,2.87,12.31,31.85,2.9,48.02
2019-01,2019,01,12.7,13.6,14.3,1.48,13.2,45.4,1.48,0.1,0,35.7,5.09
2019-02,2019,02,80.3,12.2,43.8,0.16,19.1,8.5,0.16,2.09,2.15,69.7,1.07
2019-03,2019,03,60,13.5,20.6,30.2,14.8,0,30.2,37.05,6.27,30.6,6.81
2019-04,2019,04,33.9,7.5,4.8,18.33,4.4,2,18.33,31.37,0.19,5,1.22
2019-05,2019,05,31.8,13.7,10.2,4.59,17.7,0,4.59,5.13,3.72,0,1.96
2019-06,2019,06,112,32.4,33.6,63.54,33.3,7.5,63.54,17.88,12.83,54.4,6.41
2019-07,2019,07,3.9,12.5,8.6,91.99,4.6,4,91.99,19.63,10.78,1.2,21.36
2019-08,2019,08,23.6,14.8,4,49.41,15.4,4,49.41,16.71,8.03,32.5,8.57
2019-09,2019,09,0,0,0,78.27,0,0,78.27,20.86,12.05,0.2,6.56
2019-10,2019,10,10.5,5.4,0,1.37,1,0,1.37,23.45,8.13,5.2,4.06
2019-11,2019,11,120.4,24.5,42.6,9.4,26.6,0,9.48,46.53,12.05,28.8,9.7
2019-12,2019,12,9.5,1.5,2,2.48,0,1,2.48,30.33,32.04,16.6,17.24
2020-01,2020,01,0,21,0,0.87,10.4,22,0.87,16.64,3.13,60.3,1.56
2020-02,2020,02,15.7,2.2,0.8,6.72,0,9,6.72,39.21,20.09,7.1,19.79
2020-03,2020,03,29,2.1,7,9.6,5,5,9.6,27.96,13.62,7.6,17.64
2020-04,2020,04,57.8,7,7.2,86.28,15.3,10,86.28,102.27,44.29,24.3,69.43
2020-05,2020,05,20.3,12.2,16,37.59,25.9,23,37.59,13.76,8.23,6,12.78
2020-06,2020,06,4.3,2.4,0.8,17.23,7.3,0,17.23,29.85,13.72,0,26.5
2020-07,2020,07,31,18.8,4,33.04,9.7,8,33.04,18.88,4.99,7.9,14.6
2020-08,2020,08,22.3,7.7,8,25.81,18.7,12.8,25.81,18.58,17.93,17.5,29.44
2020-09,2020,09,13,8.4,13,10.45,11.6,14.6,10.45,10.26,4.9,6.6,31.16
2020-10,2020,10,0,0,0,3.95,0,0,3.95,1.74,0,0,2.74
2020-11,2020,11,36.6,0,0,0,0,0,0,0,0,1,0
2020-12,2020,12,28.3,3.2,9,4.51,10.2,0.5,4.51,1.73,2.25,16,1.12
2021-01,2021,01,48.3,5.4,18.6,8.51,10.4,0,8.51,1.09,0,24.2,0
2021-02,2021,02,16.4,2.5,9.1,30.78,5.3,0,30.78,51.08,22.14,18.6,27.78
2021-03,2021,03,74.7,11.1,10.2,17.62,8.3,0,17.62,28.3,37.63,43.1,41.5
2021-04,2021,04,43.7,23.2,17.6,23.79,18.2,18.4,23.79,72.48,45.37,27.6,57.47
2021-05,2021,05,5.5,10.3,5,75.15,1.2,0,75,108.78,98.98,1.9,98.19
2021-06,2021,06,9.2,2,1,11.88,5.3,45.6,11.88,11.39,2.74,0.5,1.37
2021-07,2021,07,37.5,24.2,15,9.25,19.7,33.4,9.25,20.24,6.27,11.7,14.06
2021-08,2021,08,23.3,23,5,13.95,15.3,16,13.95,20.24,11.85,7.8,36.79
2021-09,2021,09,10.1,15,2,27.36,8.2,22.2,27.36,45.74,22.24,2.1,41.84
2021-10,2021,10,61.4,7.5,21.2,6.54,14.8,5.4,6.54,14.7,1.96,9.6,17.93
2021-11,2021,11,0,0,0,0,0,0,0,6.81,0,0,0
2021-12,2021,12,2.2,3.8,0,7.71,0,0,7.71,45.08,8.13,1.2,1.27
2022-01,2022,01,54.3,7,6.9,9.31,15.7,3.5,11.62,4.89,4.8,53.6,0
2022-02,2022,02,27,1.8,7,31.42,0,6,33.58,59.78,23.71,28.4,29.18
2022-03,2022,03,58.9,14.8,21,19.78,8.1,1,21.42,36.21,34.23,10.9,44.2
2022-04,2022,04,28.9,16.7,7.1,24.19,12.1,0,21.19,68.43,47.84,10.1,59.32
2022-05,2022,05,33.8,4,3,77.32,9.7,0,74.67,118.34,99.03,7.2,105.1
2022-06,2022,06,55.6,14.3,4.8,10.39,16.2,23.2,13.58,19.37,4.38,13.4,4.92
2022-07,2022,07,13.6,11,0,10.23,22.2,10.6,12.65,22.97,8.52,11.5,19.29
2022-08,2022,08,54.3,51,26,11.25,60.7,105.1,18.25,15.64,13.05,14.6,36.79
2022-09,2022,09,33.8,7,6.3,28.29,3.9,5.2,29.27,39.81,21.69,6.4,40.1
2022-10,2022,10,11.2,0,2.4,7.31,3.4,0,4.54,19.7,3.46,2.3,18.62
2022-11,2022,11,18.8,5,3,0,9,19.7,0,8.31,3.51,5.2,0
2022-12,2022,12,9.2,1,0.9,8.63,5.2,0,5.83,32.59,11.43,6.7,3.49
